Metric,Value
MAE,0.9724151212554144
RMSE,1.8015572221695018
R2,0.9999993786110808
