,precision,recall,f1-score,support
0,0.8511586452762924,0.883441258094357,0.8669995460735361,1081.0
1,0.55,0.4797507788161994,0.5124792013311148,321.0
accuracy,0.7910128388017118,0.7910128388017118,0.7910128388017118,0.7910128388017118
macro avg,0.7005793226381463,0.6815960184552782,0.6897393737023254,1402.0
weighted avg,0.7822057742822197,0.7910128388017118,0.7858290534470616,1402.0
