,precision,recall,f1-score,support
0,0.8784029038112523,0.8954671600370028,0.8868529546495648,1081.0
1,0.6233333333333333,0.5825545171339563,0.6022544283413849,321.0
accuracy,0.8238231098430813,0.8238231098430813,0.8238231098430813,0.8238231098430813
macro avg,0.7508681185722927,0.7390108385854796,0.7445536914954749,1402.0
weighted avg,0.8200025242653094,0.8238231098430813,0.8216916658158089,1402.0
